geoid,county,name,lat,lon,dist_to_raleigh_mi,dist_to_durham_mi,dist_to_chapelhill_mi,dominant_city,pop_density,suburb_type
37183052002,Census Tract 520.02; Wake County; North Carolina,Census Tract 520.02; Wake County; North Carolina,35.76690030520138,-78.59750565962693,2.4441811916774494,23.028959998110246,27.588016543422132,Raleigh,2536.344740733623,Inner-Ring Suburb
37183053507,Census Tract 535.07; Wake County; North Carolina,Census Tract 535.07; Wake County; North Carolina,35.77929153492315,-78.79033287618049,8.527630508666656,16.025164854241837,17.511620901698215,Raleigh,2201.7154631281533,General Suburb
37183054012,Census Tract 540.12; Wake County; North Carolina,Census Tract 540.12; Wake County; North Carolina,35.876632830990125,-78.60964315183044,6.892545463598251,18.0852527962019,25.09981358341875,Raleigh,1253.0891200824801,General Suburb
37183050100,Census Tract 501; Wake County; North Carolina,Census Tract 501; Wake County; North Carolina,35.78070441474282,-78.63929158467238,0.09780950308633274,20.685396089458624,25.058986591512888,Raleigh,4263.597542643258,Inner-Ring Suburb
37183052505,Census Tract 525.05; Wake County; North Carolina,Census Tract 525.05; Wake County; North Carolina,35.847441468308396,-78.67206716065435,5.0569213781709745,16.22361814275508,21.957503120225304,Raleigh,2324.4909172664557,Inner-Ring Suburb
37183053419,Census Tract 534.19; Wake County; North Carolina,Census Tract 534.19; Wake County; North Carolina,35.73429699792494,-78.81650456290645,10.476008621306557,18.523218199332177,18.234929578531368,Raleigh,1345.7039853518324,General Suburb
37183053408,Census Tract 534.08; Wake County; North Carolina,Census Tract 534.08; Wake County; North Carolina,35.78098653153235,-78.85893140028635,12.373039543113435,14.884395832631746,14.318447933547278,Raleigh,2458.8076431646423,General Suburb
37135011800,Census Tract 118; Orange County; North Carolina,Census Tract 118; Orange County; North Carolina,35.93550702085475,-79.06566320061148,26.249426469747405,10.179303191505296,1.6370876412051474,Chapel Hill,1001.2814393489879,General Suburb
37063002200,Census Tract 22; Durham County; North Carolina,Census Tract 22; Durham County; North Carolina,35.999340961825375,-78.90182323278789,21.172351848534348,0.41066304945425397,10.468301710428117,Durham,2787.9134897976196,Inner-Ring Suburb
37063002025,Census Tract 20.25; Durham County; North Carolina,Census Tract 20.25; Durham County; North Carolina,35.929781271896076,-78.90569173154483,18.222597627327055,4.4547806402062005,8.476833469300832,Durham,1778.979260130576,General Suburb
37183053113,Census Tract 531.13; Wake County; North Carolina,Census Tract 531.13; Wake County; North Carolina,35.56839316870611,-78.82109691913588,17.842038373052805,29.72577872270494,27.218074147679385,Raleigh,920.5564326208006,General Suburb
37183053612,Census Tract 536.12; Wake County; North Carolina,Census Tract 536.12; Wake County; North Carolina,35.83321032881128,-78.83409764208025,11.585171079021812,11.681159273650081,13.587365358372582,Raleigh,2124.3112510692035,General Suburb
37183054117,Census Tract 541.17; Wake County; North Carolina,Census Tract 541.17; Wake County; North Carolina,35.84006042239091,-78.55994470436808,6.056190351920603,21.730834676782894,28.21666709400743,Raleigh,3031.015996232218,Inner-Ring Suburb
37183053728,Census Tract 537.28; Wake County; North Carolina,Census Tract 537.28; Wake County; North Carolina,35.86193941831727,-78.71940047294515,7.284322241156544,13.556442671995216,19.160916952185218,Raleigh,3755.2114698334403,General Suburb
37063001505,Census Tract 15.05; Durham County; North Carolina,Census Tract 15.05; Durham County; North Carolina,36.01189608300036,-78.94058544234554,23.325101807189252,2.6526257711334673,9.381797546145146,Durham,5107.466085598332,Inner-Ring Suburb
37183052307,Census Tract 523.07; Wake County; North Carolina,Census Tract 523.07; Wake County; North Carolina,35.75992140013353,-78.70316191929274,3.887333789560477,19.52671757636255,22.412443944639065,Raleigh,2713.853075388054,Inner-Ring Suburb
37135011400,Census Tract 114; Orange County; North Carolina,Census Tract 114; Orange County; North Carolina,35.92526819620564,-79.04712030964085,25.014518294833174,9.567919099407577,0.9649632297628533,Chapel Hill,1944.4323554295893,General Suburb
37183053525,Census Tract 535.25; Wake County; North Carolina,Census Tract 535.25; Wake County; North Carolina,35.77926414179787,-78.8171240234501,10.029373810410746,15.522016812530218,16.25809241733231,Raleigh,2346.2698475986135,General Suburb
37183050600,Census Tract 506; Wake County; North Carolina,Census Tract 506; Wake County; North Carolina,35.78501405028941,-78.621019005262,1.0331241712443713,21.21143519208775,25.910403205896806,Raleigh,3453.7689850642,Inner-Ring Suburb
37183053714,Census Tract 537.14; Wake County; North Carolina,Census Tract 537.14; Wake County; North Carolina,35.87371042767497,-78.6862507321964,7.037558398694177,14.4984694775988,20.86400552756882,Raleigh,2493.5824383569593,General Suburb
37183050400,Census Tract 504; Wake County; North Carolina,Census Tract 504; Wake County; North Carolina,35.795901618778565,-78.63552482093937,1.1362705094490797,20.10381018458882,24.89198446806453,Raleigh,1746.6195915987882,General Suburb
37183050800,Census Tract 508; Wake County; North Carolina,Census Tract 508; Wake County; North Carolina,35.76417527796042,-78.62485668828764,1.3020517472733277,22.06832650746939,26.24230866323132,Raleigh,2840.7201144612377,Inner-Ring Suburb
37063001711,Census Tract 17.11; Durham County; North Carolina,Census Tract 17.11; Durham County; North Carolina,36.05892734781081,-78.92956221681055,25.263980494995128,4.808121830564884,12.295980215853113,Durham,2020.1562595024927,Inner-Ring Suburb
37063001400,Census Tract 14; Durham County; North Carolina,Census Tract 14; Durham County; North Carolina,35.97659412639071,-78.88583771423295,19.428390310845636,1.3983657528171627,10.467622825108348,Durham,2666.1707493604576,Inner-Ring Suburb
37063000401,Census Tract 4.01; Durham County; North Carolina,Census Tract 4.01; Durham County; North Carolina,36.02200162400381,-78.9325109196361,23.491114712420526,2.7084181195295702,10.200260031656944,Durham,1240.5477586677684,General Suburb
37063001501,Census Tract 15.01; Durham County; North Carolina,Census Tract 15.01; Durham County; North Carolina,36.001171692411724,-78.9408293261198,22.83253919067779,2.4120430451748285,8.848237676857059,Durham,2040.866925388677,Inner-Ring Suburb
37183051101,Census Tract 511.01; Wake County; North Carolina,Census Tract 511.01; Wake County; North Carolina,35.78798978185787,-78.68826531732014,2.8654378444132615,18.47212279898329,22.32735892550968,Raleigh,5246.850823584309,Inner-Ring Suburb
37183054006,Census Tract 540.06; Wake County; North Carolina,Census Tract 540.06; Wake County; North Carolina,35.873706215227244,-78.63389785679976,6.50658448560197,16.9816678175272,23.772313364965168,Raleigh,2560.402521182791,Inner-Ring Suburb
37183052704,Census Tract 527.04; Wake County; North Carolina,Census Tract 527.04; Wake County; North Carolina,35.84155820444765,-78.59362456976599,4.956241177402078,20.05388888327417,26.343871953520996,Raleigh,3253.3581734361574,Inner-Ring Suburb
37183052407,Census Tract 524.07; Wake County; North Carolina,Census Tract 524.07; Wake County; North Carolina,35.78448728530613,-78.70990413254079,4.033308289875229,17.91977776734593,21.31559320991585,Raleigh,2252.5528378323334,Inner-Ring Suburb
37183052506,Census Tract 525.06; Wake County; North Carolina,Census Tract 525.06; Wake County; North Carolina,35.854545045088244,-78.69001897882826,5.9365654504947125,15.134040037690976,20.873584440919846,Raleigh,1341.6706154835847,General Suburb
37183053716,Census Tract 537.16; Wake County; North Carolina,Census Tract 537.16; Wake County; North Carolina,35.860270189438445,-78.64938786514395,5.608911411816919,16.72689039375636,23.042153571587917,Raleigh,2511.3619627803605,Inner-Ring Suburb
37183053203,Census Tract 532.03; Wake County; North Carolina,Census Tract 532.03; Wake County; North Carolina,35.66762822106847,-78.81936951655992,12.772106041866664,22.982755493475597,21.52857880393896,Raleigh,2188.5173809257635,General Suburb
37183053423,Census Tract 534.23; Wake County; North Carolina,Census Tract 534.23; Wake County; North Carolina,35.768112873886984,-78.81832828097515,10.128702441240971,16.241368622271665,16.655497282779976,Raleigh,2043.5988544380039,General Suburb
37183054204,Census Tract 542.04; Wake County; North Carolina,Census Tract 542.04; Wake County; North Carolina,35.99627371009141,-78.5096099290577,16.611292505047636,21.745561199632455,31.082825084473132,Raleigh,1227.7746099714905,General Suburb
37183052408,Census Tract 524.08; Wake County; North Carolina,Census Tract 524.08; Wake County; North Carolina,35.77993937360993,-78.69273330723487,3.0568689807938125,18.749679446787784,22.32147504878501,Raleigh,5387.6260581611705,Inner-Ring Suburb
37135012202,Census Tract 122.02; Orange County; North Carolina,Census Tract 122.02; Orange County; North Carolina,35.883292127219285,-79.07222543468336,25.346394535890806,12.363199585287578,2.2617085459897415,Chapel Hill,1326.6135347050856,General Suburb
37063002019,Census Tract 20.19; Durham County; North Carolina,Census Tract 20.19; Durham County; North Carolina,35.88767495603795,-78.9877555997235,20.956040242038664,8.87932853305225,4.196863635238789,Chapel Hill,381.7649240380738,General Suburb
37063002024,Census Tract 20.24; Durham County; North Carolina,Census Tract 20.24; Durham County; North Carolina,35.93311472847181,-78.93290612234476,19.61799457377943,4.623596385104913,7.012497972755747,Durham,2378.1917134097885,Inner-Ring Suburb
37135011206,Census Tract 112.06; Orange County; North Carolina,Census Tract 112.06; Orange County; North Carolina,35.956054800693636,-79.0177310101826,24.49940268812368,7.1586349875609745,3.6473540525013424,Chapel Hill,1605.9098552381831,General Suburb
37183053613,Census Tract 536.13; Wake County; North Carolina,Census Tract 536.13; Wake County; North Carolina,35.91177825867102,-78.79032395413354,12.489813324492179,8.303532972138333,14.856282110283322,Durham,1733.63865438748,General Suburb
37183053417,Census Tract 534.17; Wake County; North Carolina,Census Tract 534.17; Wake County; North Carolina,35.70739705843372,-78.86862710580043,13.851666615172613,19.873391223714588,17.668851918602996,Raleigh,920.4928541394232,General Suburb
37183052812,Census Tract 528.12; Wake County; North Carolina,Census Tract 528.12; Wake County; North Carolina,35.679954689409016,-78.6146289783792,7.010620872194042,26.90399789174881,29.51246055393291,Raleigh,910.0612161402947,General Suburb
37183052906,Census Tract 529.06; Wake County; North Carolina,Census Tract 529.06; Wake County; North Carolina,35.622695366044816,-78.65238731401222,10.870262439262255,29.128928802237574,30.238462647808326,Raleigh,565.5382791083102,General Suburb
37183053433,Census Tract 534.33; Wake County; North Carolina,Census Tract 534.33; Wake County; North Carolina,35.72547537476915,-78.88180840874254,14.16241590937973,18.57709357952051,16.225210061549063,Raleigh,3057.9910538630565,General Suburb
37183053611,Census Tract 536.11; Wake County; North Carolina,Census Tract 536.11; Wake County; North Carolina,35.82593288971976,-78.84182211489728,11.850984598195458,12.039181913257307,13.412356260269105,Raleigh,3406.986878043224,General Suburb
37183053730,Census Tract 537.30; Wake County; North Carolina,Census Tract 537.30; Wake County; North Carolina,35.873624144655594,-78.64594340516125,6.510915495917109,16.400216282369513,23.10335587430812,Raleigh,6129.970068885396,Inner-Ring Suburb
37135011300,Census Tract 113; Orange County; North Carolina,Census Tract 113; Orange County; North Carolina,35.91755217674147,-79.06113059670012,25.532030233185115,10.513390599913011,0.4235565156074657,Chapel Hill,4240.271937019062,Inner-Ring Suburb
37063001709,Census Tract 17.09; Durham County; North Carolina,Census Tract 17.09; Durham County; North Carolina,36.04743727742386,-78.88420930900578,23.064646296976825,3.7787304899322223,13.344184481166648,Durham,1649.291896667316,General Suburb
37063002033,Census Tract 20.33; Durham County; North Carolina,Census Tract 20.33; Durham County; North Carolina,35.92323313625586,-78.99697117783205,22.409462678894744,7.360377456991687,3.3640066918127154,Chapel Hill,972.1453390352557,General Suburb
37183053432,Census Tract 534.32; Wake County; North Carolina,Census Tract 534.32; Wake County; North Carolina,35.68484043309066,-78.85314894209155,13.71894626676571,21.512055039492253,19.44016929388762,Raleigh,278.5991682646489,General Suburb
37135012102,Census Tract 121.02; Orange County; North Carolina,Census Tract 121.02; Orange County; North Carolina,35.9265022654278,-79.01321248361329,23.32546571982594,7.926867389894608,2.5540665884364766,Chapel Hill,1139.5818151849212,General Suburb
37183053619,Census Tract 536.19; Wake County; North Carolina,Census Tract 536.19; Wake County; North Carolina,35.85522177371799,-78.88091035393802,14.567566325041343,9.63960766906282,10.578123185812908,Durham,188.70356452182003,General Suburb
37183053522,Census Tract 535.22; Wake County; North Carolina,Census Tract 535.22; Wake County; North Carolina,35.81262056976508,-78.80933822556224,9.8585415463548,13.491126978379182,15.45151254397213,Raleigh,2106.435164978061,General Suburb
37183053425,Census Tract 534.25; Wake County; North Carolina,Census Tract 534.25; Wake County; North Carolina,35.786914926475376,-78.84333301444971,11.509005968647719,14.63882629752356,14.755302403996938,Raleigh,2699.04596346387,General Suburb
37183053519,Census Tract 535.19; Wake County; North Carolina,Census Tract 535.19; Wake County; North Carolina,35.764224553370475,-78.7904440254665,8.600505610526957,16.991422570281987,18.079298721160285,Raleigh,2793.0534958466583,General Suburb
37063002022,Census Tract 20.22; Durham County; North Carolina,Census Tract 20.22; Durham County; North Carolina,35.91750494688243,-78.92273044510206,18.566523737808446,5.454891650622985,7.452201661520563,Durham,3012.7176663155365,Inner-Ring Suburb
37183053520,Census Tract 535.20; Wake County; North Carolina,Census Tract 535.20; Wake County; North Carolina,35.80026968170724,-78.77515556856063,7.807574102988966,15.063498296185134,17.54622561264485,Raleigh,3106.892789816963,General Suburb
37063001301,Census Tract 13.01; Durham County; North Carolina,Census Tract 13.01; Durham County; North Carolina,35.98021946069909,-78.8991974743628,20.14030040045387,0.9527302056368929,9.908265705262478,Durham,4348.487874881282,Inner-Ring Suburb
37183054223,Census Tract 542.23; Wake County; North Carolina,Census Tract 542.23; Wake County; North Carolina,35.98923535612913,-78.48632505851616,16.795249935174102,23.050022197722452,32.28233491131707,Raleigh,1504.9444914966325,General Suburb
37063002008,Census Tract 20.08; Durham County; North Carolina,Census Tract 20.08; Durham County; North Carolina,35.94203539100287,-78.95473297403424,20.979111401297835,4.7690925576155925,5.995322519201275,Durham,1226.1337997570636,General Suburb
37135010701,Census Tract 107.01; Orange County; North Carolina,Census Tract 107.01; Orange County; North Carolina,35.918251427374855,-79.12003993707657,28.635237712369534,13.445330986162702,3.611604931992099,Chapel Hill,185.57704103687217,General Suburb
37135010707,Census Tract 107.07; Orange County; North Carolina,Census Tract 107.07; Orange County; North Carolina,35.911538317190995,-79.08749836847281,26.764164225629937,12.00366324806184,1.7775458100824606,Chapel Hill,2830.4261002003877,Inner-Ring Suburb
37183052409,Census Tract 524.09; Wake County; North Carolina,Census Tract 524.09; Wake County; North Carolina,35.77789288495984,-78.68404023209067,2.572241164411173,19.162701357250295,22.823675178917348,Raleigh,6122.01630153891,Inner-Ring Suburb
37135012201,Census Tract 122.01; Orange County; North Carolina,Census Tract 122.01; Orange County; North Carolina,35.880787959552165,-79.03812486850532,23.46849877214749,11.050327865339016,2.4482374291463,Chapel Hill,300.6569773123815,General Suburb
37135012101,Census Tract 121.01; Orange County; North Carolina,Census Tract 121.01; Orange County; North Carolina,35.93634522118062,-79.01593421976418,23.763737609306048,7.676167649076574,2.744567764533439,Chapel Hill,1841.0719789972838,General Suburb
37183054021,Census Tract 540.21; Wake County; North Carolina,Census Tract 540.21; Wake County; North Carolina,35.931253074957304,-78.56956520969763,11.160919768711778,18.90483080288068,27.23475818062572,Raleigh,2390.0845825019874,General Suburb
37183052411,Census Tract 524.11; Wake County; North Carolina,Census Tract 524.11; Wake County; North Carolina,35.78148529008394,-78.73817540443976,5.605423643818114,17.211727268067328,19.981545811038238,Raleigh,3291.8561929725274,Inner-Ring Suburb
37063000900,Census Tract 9; Durham County; North Carolina,Census Tract 9; Durham County; North Carolina,35.99998954482637,-78.88605979661715,20.600163446607144,0.8140375009291849,11.228623379102087,Durham,3081.484593488005,Inner-Ring Suburb
37183054011,Census Tract 540.11; Wake County; North Carolina,Census Tract 540.11; Wake County; North Carolina,35.89194399491806,-78.61281128551926,7.891428249795578,17.47254047712831,24.836065795730093,Raleigh,1625.5152896757793,General Suburb
37183053409,Census Tract 534.09; Wake County; North Carolina,Census Tract 534.09; Wake County; North Carolina,35.76626720550386,-78.85954098354762,12.442135749540673,15.886043031302382,14.963417822950406,Raleigh,2094.9021343849367,General Suburb
37183053620,Census Tract 536.20; Wake County; North Carolina,Census Tract 536.20; Wake County; North Carolina,35.83519860547457,-78.86649050255532,13.356373430428507,11.11827717970613,11.890354793850427,Durham,1947.3867805026466,General Suburb
37183051102,Census Tract 511.02; Wake County; North Carolina,Census Tract 511.02; Wake County; North Carolina,35.78187174292964,-78.66573287402404,1.5512548395560548,19.614642215131433,23.655449695891686,Raleigh,4427.946676891001,Inner-Ring Suburb
37063000402,Census Tract 4.02; Durham County; North Carolina,Census Tract 4.02; Durham County; North Carolina,36.01167209441034,-78.9262998036315,22.74066781640205,1.9718362474687097,9.93684896823519,Durham,3737.0646041319046,Inner-Ring Suburb
37063002035,Census Tract 20.35; Durham County; North Carolina,Census Tract 20.35; Durham County; North Carolina,35.932918167032156,-78.88511328306298,17.418474673586225,4.287217017507,9.646987794872844,Durham,1132.686734354941,General Suburb
37063001503,Census Tract 15.03; Durham County; North Carolina,Census Tract 15.03; Durham County; North Carolina,36.0066446358062,-78.91570135802229,22.076110801177354,1.29501859447856,10.15259323279875,Durham,6528.427278107109,Inner-Ring Suburb
37183053524,Census Tract 535.24; Wake County; North Carolina,Census Tract 535.24; Wake County; North Carolina,35.78768104736568,-78.80045517029818,9.111638835612931,15.277212154122966,16.724496919410324,Raleigh,2489.5425249363198,General Suburb
37183052508,Census Tract 525.08; Wake County; North Carolina,Census Tract 525.08; Wake County; North Carolina,35.83711572584619,-78.70118030980986,5.3147084624506435,15.47698460345313,20.537940082385397,Raleigh,1926.5918079881217,General Suburb
37183050300,Census Tract 503; Wake County; North Carolina,Census Tract 503; Wake County; North Carolina,35.79063313544225,-78.64817046852312,0.9452147169929337,19.847669756695613,24.348423328312048,Raleigh,5644.64334678298,Inner-Ring Suburb
37183053807,Census Tract 538.07; Wake County; North Carolina,Census Tract 538.07; Wake County; North Carolina,35.91735344455654,-78.66639680228197,9.647969529907094,14.025166887334093,21.791996482531598,Raleigh,892.780535979834,General Suburb
37183053618,Census Tract 536.18; Wake County; North Carolina,Census Tract 536.18; Wake County; North Carolina,35.855194257156654,-78.9003083400795,15.586302227827703,9.591038569758261,9.582731814553286,Chapel Hill,1964.3309407021052,General Suburb
37063000301,Census Tract 3.01; Durham County; North Carolina,Census Tract 3.01; Durham County; North Carolina,36.01730856272593,-78.91268217380848,22.48913983380597,1.7925239925285663,10.760952452036461,Durham,3102.547652247117,Inner-Ring Suburb
37063000200,Census Tract 2; Durham County; North Carolina,Census Tract 2; Durham County; North Carolina,36.008925793433065,-78.88539664830964,21.03572269903123,1.2681503330921928,11.600151139617418,Durham,1888.3603216744314,General Suburb
37063001603,Census Tract 16.03; Durham County; North Carolina,Census Tract 16.03; Durham County; North Carolina,36.11656357364021,-78.93036863055131,28.445013337905383,8.65226708633829,15.702642934203862,Durham,472.895182717789,General Suburb
37063001710,Census Tract 17.10; Durham County; North Carolina,Census Tract 17.10; Durham County; North Carolina,36.057902897253655,-78.91273799327134,24.61169513512308,4.485391396551866,12.80363917202869,Durham,2149.0228546653966,Inner-Ring Suburb
37063002015,Census Tract 20.15; Durham County; North Carolina,Census Tract 20.15; Durham County; North Carolina,35.96807395288716,-78.94730372173281,21.658031070814385,3.259448195765434,7.15617400798779,Durham,2241.0272063551474,Inner-Ring Suburb
37063000500,Census Tract 5; Durham County; North Carolina,Census Tract 5; Durham County; North Carolina,35.99743213043931,-78.92095094284365,21.841081740668514,1.2717399151878472,9.526447221699744,Durham,3483.999428428127,Inner-Ring Suburb
37063002009,Census Tract 20.09; Durham County; North Carolina,Census Tract 20.09; Durham County; North Carolina,35.96057083922641,-78.89791509417556,19.17806278847248,2.3100522040858174,9.419398810130799,Durham,1136.1368432129318,General Suburb
37135011700,Census Tract 117; Orange County; North Carolina,Census Tract 117; Orange County; North Carolina,35.90206242617763,-79.05843485287915,25.012135918814288,10.967234039484218,0.7835329364460729,Chapel Hill,3686.7041008261713,Inner-Ring Suburb
37183053715,Census Tract 537.15; Wake County; North Carolina,Census Tract 537.15; Wake County; North Carolina,35.865008275470345,-78.66890867098996,6.146816469102071,15.63880964236961,21.91118636823865,Raleigh,1736.969343959343,General Suburb
37183053422,Census Tract 534.22; Wake County; North Carolina,Census Tract 534.22; Wake County; North Carolina,35.77752761223224,-78.83016820814106,10.761591228388143,15.439581519860353,15.734245753029905,Raleigh,2394.586488527864,General Suburb
37183053506,Census Tract 535.06; Wake County; North Carolina,Census Tract 535.06; Wake County; North Carolina,35.76020679054988,-78.77475450747649,7.771681618613863,17.57869362036536,18.962093148153894,Raleigh,1715.025742655945,General Suburb
37183051501,Census Tract 515.01; Wake County; North Carolina,Census Tract 515.01; Wake County; North Carolina,35.82373307907887,-78.67503101049913,3.6821313542453913,17.17366443486475,22.197639159827645,Raleigh,1743.567753462982,General Suburb
37183051000,Census Tract 510; Wake County; North Carolina,Census Tract 510; Wake County; North Carolina,35.77731425758082,-78.65199840329613,0.7894195147785671,20.364409623174605,24.487202840664143,Raleigh,4531.3393154165105,Inner-Ring Suburb
37183052801,Census Tract 528.01; Wake County; North Carolina,Census Tract 528.01; Wake County; North Carolina,35.68671569927948,-78.63201743693214,6.427054234635857,25.956045659561358,28.440520233396285,Raleigh,1264.6172068208837,General Suburb
37183052602,Census Tract 526.02; Wake County; North Carolina,Census Tract 526.02; Wake County; North Carolina,35.8439047410227,-78.63431087752585,4.4483744814731665,18.062213787056052,24.07733905910582,Raleigh,1981.9664415860623,General Suburb
37183050700,Census Tract 507; Wake County; North Carolina,Census Tract 507; Wake County; North Carolina,35.77397312314313,-78.6207114575917,1.054607103935507,21.751010173019555,26.198578374817338,Raleigh,3112.153966576495,Inner-Ring Suburb
37063001809,Census Tract 18.09; Durham County; North Carolina,Census Tract 18.09; Durham County; North Carolina,35.94245374502973,-78.84155399893906,16.00857132477727,4.7812759265162565,12.156034542482221,Durham,927.4878881690196,General Suburb
37183053721,Census Tract 537.21; Wake County; North Carolina,Census Tract 537.21; Wake County; North Carolina,35.91930062892433,-78.70420049195836,10.335926282830872,12.035311931663871,19.67897441299351,Raleigh,537.8803859627792,General Suburb
37183053205,Census Tract 532.05; Wake County; North Carolina,Census Tract 532.05; Wake County; North Carolina,35.62861957515129,-78.8079462652928,14.12537160732606,25.75130397301078,24.076501495375286,Raleigh,1106.8637270408672,General Suburb
37183053206,Census Tract 532.06; Wake County; North Carolina,Census Tract 532.06; Wake County; North Carolina,35.616525634326074,-78.832563030251,15.68094154120588,26.342191242360485,24.016991768543406,Raleigh,682.8460826415508,General Suburb
37183053410,Census Tract 534.10; Wake County; North Carolina,Census Tract 534.10; Wake County; North Carolina,35.80912962316078,-78.9147872383251,15.634513261959789,12.805412494177942,10.679584051510584,Chapel Hill,2341.132436596992,General Suburb
37183053719,Census Tract 537.19; Wake County; North Carolina,Census Tract 537.19; Wake County; North Carolina,35.92555244333197,-78.74760959634152,11.799839820609535,9.678462944687498,17.26584321164517,Durham,3556.004873908124,General Suburb
37183054112,Census Tract 541.12; Wake County; North Carolina,Census Tract 541.12; Wake County; North Carolina,35.81857074713506,-78.47168536848535,9.7121632013803,26.790654747213395,33.35319796343383,Raleigh,574.4970418609164,General Suburb
37183054115,Census Tract 541.15; Wake County; North Carolina,Census Tract 541.15; Wake County; North Carolina,35.77476917496396,-78.491583949956,8.225374388406006,27.360170764797182,33.016386064955604,Raleigh,989.5578110592866,General Suburb
37183053421,Census Tract 534.21; Wake County; North Carolina,Census Tract 534.21; Wake County; North Carolina,35.689353726868546,-78.79406601600307,10.737760901638257,21.848167490874296,21.315019354924914,Raleigh,1316.47975885657,General Suburb
37183052707,Census Tract 527.07; Wake County; North Carolina,Census Tract 527.07; Wake County; North Carolina,35.81963465514791,-78.57498073756645,4.494742531564949,21.75194882830499,27.687435698052266,Raleigh,1712.9899425029107,General Suburb
37183053711,Census Tract 537.11; Wake County; North Carolina,Census Tract 537.11; Wake County; North Carolina,35.89474035148693,-78.70998459511546,8.91383010625328,12.583718076465951,19.395783214334386,Raleigh,1489.8387803926607,General Suburb
37183053725,Census Tract 537.25; Wake County; North Carolina,Census Tract 537.25; Wake County; North Carolina,35.882408344649036,-78.71799154529752,8.392630853339464,12.70939546937518,19.026480993145633,Raleigh,2170.4896528764134,General Suburb
37183052507,Census Tract 525.07; Wake County; North Carolina,Census Tract 525.07; Wake County; North Carolina,35.849951863347336,-78.70363076749416,6.088303701634426,14.767068570604028,20.193495557447257,Raleigh,1941.841057332352,General Suburb
37183054019,Census Tract 540.19; Wake County; North Carolina,Census Tract 540.19; Wake County; North Carolina,35.919047344368266,-78.58437621963392,10.095422120130722,18.321221384628526,26.38259293053744,Raleigh,2158.368256646121,General Suburb
37183054212,Census Tract 542.12; Wake County; North Carolina,Census Tract 542.12; Wake County; North Carolina,35.9622049705672,-78.55094725600277,13.529553145500797,19.562130903026112,28.444613433515244,Raleigh,2469.238046630272,General Suburb
37183054502,Census Tract 545.02; Wake County; North Carolina,Census Tract 545.02; Wake County; North Carolina,35.74311564509522,-78.64456126242466,2.545933615216355,22.423192551329418,25.86152121155075,Raleigh,735.680041576471,General Suburb
37183053615,Census Tract 536.15; Wake County; North Carolina,Census Tract 536.15; Wake County; North Carolina,35.89276464668512,-78.80579527542693,12.217323924401946,8.710643531888993,14.06292907954619,Durham,1434.8097941317549,General Suburb
37183054501,Census Tract 545.01; Wake County; North Carolina,Census Tract 545.01; Wake County; North Carolina,35.742216004646174,-78.6612598165989,2.888492036965954,21.891486099678012,25.06120076160127,Raleigh,2572.6311645716114,Inner-Ring Suburb
37183052304,Census Tract 523.04; Wake County; North Carolina,Census Tract 523.04; Wake County; North Carolina,35.75234845019626,-78.67770916096677,2.9071607427029744,20.777855531607504,23.91801135694796,Raleigh,3794.9314483567136,Inner-Ring Suburb
37183054219,Census Tract 542.19; Wake County; North Carolina,Census Tract 542.19; Wake County; North Carolina,35.95945169476272,-78.5070629518298,14.433637903348167,22.022232279724552,30.863757058383413,Raleigh,1735.0359843919823,General Suburb
37183053609,Census Tract 536.09; Wake County; North Carolina,Census Tract 536.09; Wake County; North Carolina,35.85055291164165,-78.81880410028269,11.243978503237788,10.870477711350249,13.955586478387223,Durham,175.6099624913426,General Suburb
37183054020,Census Tract 540.20; Wake County; North Carolina,Census Tract 540.20; Wake County; North Carolina,35.91037805062961,-78.56859406801807,9.84100599650121,19.34090729947013,27.26481168805458,Raleigh,1173.107645220116,General Suburb
37135011001,Census Tract 110.01; Orange County; North Carolina,Census Tract 110.01; Orange County; North Carolina,36.08908189975618,-79.08613249777999,32.942379006671835,12.366433711007383,12.269988281347205,Chapel Hill,785.7482224568154,General Suburb
37135010904,Census Tract 109.04; Orange County; North Carolina,Census Tract 109.04; Orange County; North Carolina,36.0720469668408,-79.01135505229679,29.054811764188674,8.292815673721492,11.252999367611944,Durham,146.30942545834216,General Suburb
37135011209,Census Tract 112.09; Orange County; North Carolina,Census Tract 112.09; Orange County; North Carolina,35.977718383894725,-79.13720367298839,31.109455124859398,13.387144624084504,6.372254339457982,Chapel Hill,117.87412904845746,General Suburb
37135012103,Census Tract 121.03; Orange County; North Carolina,Census Tract 121.03; Orange County; North Carolina,35.91320607043829,-79.01719939467698,23.14682996627053,8.669689766778614,2.1600591230621795,Chapel Hill,1554.5141120332257,General Suburb
37135010710,Census Tract 107.10; Orange County; North Carolina,Census Tract 107.10; Orange County; North Carolina,35.878308629103365,-79.11037618620344,27.315789618738524,14.291838202543145,3.891407803007531,Chapel Hill,309.0509464747248,General Suburb
37135010708,Census Tract 107.08; Orange County; North Carolina,Census Tract 107.08; Orange County; North Carolina,35.90578824817825,-79.07748898558695,26.103250694306126,11.71597059536429,1.317365351541242,Chapel Hill,7781.096291111221,Inner-Ring Suburb
37063002037,Census Tract 20.37; Durham County; North Carolina,Census Tract 20.37; Durham County; North Carolina,35.88090633440487,-78.8426072546432,13.42039618005893,8.41846897297017,12.139350767444462,Durham,1054.5932535672334,General Suburb
37183054120,Census Tract 541.20; Wake County; North Carolina,Census Tract 541.20; Wake County; North Carolina,35.86395826053944,-78.49705986973801,9.823260603215637,24.195514485130747,31.460843957601735,Raleigh,305.86203701036055,General Suburb
37183053729,Census Tract 537.29; Wake County; North Carolina,Census Tract 537.29; Wake County; North Carolina,35.87767215727034,-78.6639369798899,6.927823540042762,15.39285686026424,22.070188241954682,Raleigh,2230.0730280131384,Inner-Ring Suburb
37183054023,Census Tract 540.23; Wake County; North Carolina,Census Tract 540.23; Wake County; North Carolina,35.89400920881214,-78.54566587246289,9.452652064790513,20.916136797667775,28.58090353125163,Raleigh,2125.238423593896,General Suburb
37183053430,Census Tract 534.30; Wake County; North Carolina,Census Tract 534.30; Wake County; North Carolina,35.74952247384267,-78.8632376259817,12.786549579591675,17.007421237782065,15.628454562013937,Raleigh,1894.3676306882637,General Suburb
37063002034,Census Tract 20.34; Durham County; North Carolina,Census Tract 20.34; Durham County; North Carolina,35.93629064106453,-78.97757461940388,21.871772568617665,5.950118224314736,4.658501491249759,Chapel Hill,998.8172153211417,General Suburb
37063001810,Census Tract 18.10; Durham County; North Carolina,Census Tract 18.10; Durham County; North Carolina,35.97582654758409,-78.83638653412655,17.51925778816345,3.697968574590661,13.013779055286484,Durham,2374.6809558757823,Inner-Ring Suburb
37183054106,Census Tract 541.06; Wake County; North Carolina,Census Tract 541.06; Wake County; North Carolina,35.779068489740645,-78.55828854740952,4.4794862037831935,24.15435820364673,29.364678270433476,Raleigh,1041.2920731649417,General Suburb
37183053512,Census Tract 535.12; Wake County; North Carolina,Census Tract 535.12; Wake County; North Carolina,35.827556802901846,-78.78463642802434,8.849548004856343,13.150112373148957,16.294710197587104,Raleigh,1231.966060999926,General Suburb
37183052901,Census Tract 529.01; Wake County; North Carolina,Census Tract 529.01; Wake County; North Carolina,35.56837063236572,-78.66718374182874,14.68494371048626,32.141836623843915,32.289681369009266,Raleigh,232.0988494372266,General Suburb
37183051800,Census Tract 518; Wake County; North Carolina,Census Tract 518; Wake County; North Carolina,35.808791458495506,-78.63078240893266,2.0593319587826993,19.70856682477822,24.868610998577708,Raleigh,2514.7311472158285,Inner-Ring Suburb
37183052504,Census Tract 525.04; Wake County; North Carolina,Census Tract 525.04; Wake County; North Carolina,35.82280469292941,-78.69400955380857,4.3234554527211575,16.462120364397432,21.198043485305856,Raleigh,1911.9811452540678,General Suburb
37183051200,Census Tract 512; Wake County; North Carolina,Census Tract 512; Wake County; North Carolina,35.78987599139936,-78.65875213692148,1.3531754777631215,19.47178376900596,23.812484250876793,Raleigh,3993.016453424811,Inner-Ring Suburb
37183051400,Census Tract 514; Wake County; North Carolina,Census Tract 514; Wake County; North Carolina,35.7959892792626,-78.67320772383796,2.265428394837247,18.609970020953547,22.90486054604328,Raleigh,2795.841349960835,Inner-Ring Suburb
37183053505,Census Tract 535.05; Wake County; North Carolina,Census Tract 535.05; Wake County; North Carolina,35.7577380056888,-78.75891602807796,6.934018825943304,18.10067661907076,19.79706804472127,Raleigh,1301.3316587687598,General Suburb
37183053106,Census Tract 531.06; Wake County; North Carolina,Census Tract 531.06; Wake County; North Carolina,35.588226380542096,-78.8214445428564,16.751001347511284,28.367795045917983,26.016376905029563,Raleigh,896.2660052133994,General Suburb
37135011500,Census Tract 115; Orange County; North Carolina,Census Tract 115; Orange County; North Carolina,35.914348486105,-79.03439704487316,24.063444575282066,9.379431237650211,1.2003095452945114,Chapel Hill,917.8426289724026,General Suburb
37135011602,Census Tract 116.02; Orange County; North Carolina,Census Tract 116.02; Orange County; North Carolina,35.903540907778535,-79.0461053538586,24.39885940713342,10.350649133523508,0.8600830422404585,Chapel Hill,7300.383777270944,Inner-Ring Suburb
37183053009,Census Tract 530.09; Wake County; North Carolina,Census Tract 530.09; Wake County; North Carolina,35.6951035835035,-78.67454319930198,6.183720186494004,24.16546939135482,26.14387939906249,Raleigh,504.5285028531581,General Suburb
37183053513,Census Tract 535.13; Wake County; North Carolina,Census Tract 535.13; Wake County; North Carolina,35.801008738707615,-78.78892167153371,8.575879207042172,14.679604312578975,16.835606551843977,Raleigh,2806.9687581428375,General Suburb
37183051600,Census Tract 516; Wake County; North Carolina,Census Tract 516; Wake County; North Carolina,35.80700755030926,-78.65951632598356,2.2390212969657584,18.600478181962544,23.37211719365176,Raleigh,2091.122613595952,Inner-Ring Suburb
37183050500,Census Tract 505; Wake County; North Carolina,Census Tract 505; Wake County; North Carolina,35.797237012472465,-78.62039208805196,1.575171386820732,20.671319125863132,25.665582826529146,Raleigh,2049.852282406345,Inner-Ring Suburb
37183050900,Census Tract 509; Wake County; North Carolina,Census Tract 509; Wake County; North Carolina,35.76691278826678,-78.63789831605135,0.8767658572706863,21.428662765423027,25.49606825342787,Raleigh,2318.49492133351,Inner-Ring Suburb
37063001303,Census Tract 13.03; Durham County; North Carolina,Census Tract 13.03; Durham County; North Carolina,35.97288621404962,-78.90126692022383,19.881168321005728,1.4664237527097443,9.577597871203153,Durham,4963.570834009724,Inner-Ring Suburb
37063001304,Census Tract 13.04; Durham County; North Carolina,Census Tract 13.04; Durham County; North Carolina,35.96665056526734,-78.90979497356678,19.95616518328512,1.990634262844713,8.963700945465964,Durham,2405.0371171142815,Inner-Ring Suburb
37063001900,Census Tract 19; Durham County; North Carolina,Census Tract 19; Durham County; North Carolina,35.97548243276422,-78.7503847705528,14.920455641640384,8.384690440770694,17.617699898440247,Durham,155.5910618494985,General Suburb
37063001601,Census Tract 16.01; Durham County; North Carolina,Census Tract 16.01; Durham County; North Carolina,36.100042136106495,-78.88389280658073,26.059533419988757,7.372735414449152,16.092799738011134,Durham,339.4083221141669,General Suburb
37063000600,Census Tract 6; Durham County; North Carolina,Census Tract 6; Durham County; North Carolina,35.98625751711616,-78.93792237407867,22.031847098077808,2.262461132998899,8.30371497947626,Durham,1124.9254253546355,General Suburb
37063001100,Census Tract 11; Durham County; North Carolina,Census Tract 11; Durham County; North Carolina,35.990203752558465,-78.89008170983743,20.26214505085691,0.5436601046253352,10.687401997429452,Durham,3878.0797631903483,Inner-Ring Suburb
37063002100,Census Tract 21; Durham County; North Carolina,Census Tract 21; Durham County; North Carolina,36.17467896198608,-78.87288378767826,30.287506502558927,12.56603866293307,20.756275073443188,Durham,86.6583628672051,General Suburb
37063000102,Census Tract 1.02; Durham County; North Carolina,Census Tract 1.02; Durham County; North Carolina,36.0292986000588,-78.90209490810845,22.71060427655979,2.446710002555591,11.75665990275118,Durham,1565.5791923574636,General Suburb
37063000302,Census Tract 3.02; Durham County; North Carolina,Census Tract 3.02; Durham County; North Carolina,36.01109387186535,-78.90451793790854,21.86383785246257,1.2265222205178599,10.831772956780686,Durham,3561.42966890406,Inner-Ring Suburb
37135010902,Census Tract 109.02; Orange County; North Carolina,Census Tract 109.02; Orange County; North Carolina,36.03140857312079,-79.05589511610707,29.140059517964666,9.16311661105154,8.167435283376738,Chapel Hill,321.79152854671776,General Suburb
37135010706,Census Tract 107.06; Orange County; North Carolina,Census Tract 107.06; Orange County; North Carolina,35.93601926129146,-79.08647946851445,27.330516380691517,11.244524863360486,2.3307522345651277,Chapel Hill,1030.9924177732705,General Suburb
37135010705,Census Tract 107.05; Orange County; North Carolina,Census Tract 107.05; Orange County; North Carolina,35.91740674009732,-79.08098778144469,26.56338682827836,11.49183361624354,1.4391085705011442,Chapel Hill,1942.6381992502538,General Suburb
37135011601,Census Tract 116.01; Orange County; North Carolina,Census Tract 116.01; Orange County; North Carolina,35.91137770700552,-79.05030528552246,24.811745149109427,10.226684776608586,0.3322634085443994,Chapel Hill,5619.4764995468795,Inner-Ring Suburb
37135011902,Census Tract 119.02; Orange County; North Carolina,Census Tract 119.02; Orange County; North Carolina,35.94555056837303,-79.03043829141214,24.776193847819147,8.09670254205183,2.6475523185862126,Chapel Hill,1763.90360129886,General Suburb
37183052101,Census Tract 521.01; Wake County; North Carolina,Census Tract 521.01; Wake County; North Carolina,35.74240889567486,-78.62178291431111,2.72953918410637,23.28958760791319,27.02580290136305,Raleigh,2008.2400839773384,Inner-Ring Suburb
37183054007,Census Tract 540.07; Wake County; North Carolina,Census Tract 540.07; Wake County; North Carolina,35.88781920892033,-78.63826188823195,7.477235106795333,16.306730166125934,23.434536068554603,Raleigh,2244.8480929072434,General Suburb
37183054017,Census Tract 540.17; Wake County; North Carolina,Census Tract 540.17; Wake County; North Carolina,35.88103625284668,-78.58992663294349,7.512167391335341,18.94981295391546,26.16970451521979,Raleigh,1611.5823079547306,General Suburb
37183052705,Census Tract 527.05; Wake County; North Carolina,Census Tract 527.05; Wake County; North Carolina,35.82527137689237,-78.59957648760466,3.826515742574415,20.394399567220376,26.256578040246822,Raleigh,1851.4624095815418,General Suburb
37183054004,Census Tract 540.04; Wake County; North Carolina,Census Tract 540.04; Wake County; North Carolina,35.860030055305664,-78.61054328778928,5.7691585023082554,18.585647434170095,25.193840584284636,Raleigh,2982.188233180355,Inner-Ring Suburb
37183052401,Census Tract 524.01; Wake County; North Carolina,Census Tract 524.01; Wake County; North Carolina,35.80345641657,-78.72179821938246,4.966764875832739,16.469544002016267,20.18199287678672,Raleigh,802.1551459492993,General Suburb
37183053523,Census Tract 535.23; Wake County; North Carolina,Census Tract 535.23; Wake County; North Carolina,35.797398974239115,-78.81974945352489,10.249397848673853,14.282805964330368,15.45171421382082,Raleigh,1817.1991392205503,General Suburb
37183053713,Census Tract 537.13; Wake County; North Carolina,Census Tract 537.13; Wake County; North Carolina,35.87928263573744,-78.6950600018515,7.588279884903861,13.873661120572633,20.32657948404116,Raleigh,3446.985236618202,General Suburb
37183053516,Census Tract 535.16; Wake County; North Carolina,Census Tract 535.16; Wake County; North Carolina,35.77168096643221,-78.75171308636538,6.3866092638230025,17.42320994714581,19.63891675237519,Raleigh,2246.8910039744214,Inner-Ring Suburb
37183053720,Census Tract 537.20; Wake County; North Carolina,Census Tract 537.20; Wake County; North Carolina,35.94210752714483,-78.71934549819292,12.112758092125008,10.645910802319047,18.92994079647623,Durham,692.9159932560535,General Suburb
37183053803,Census Tract 538.03; Wake County; North Carolina,Census Tract 538.03; Wake County; North Carolina,35.95397540575259,-78.69015037958461,12.394355943399868,11.979275580749173,20.649269390046832,Durham,585.1159243688651,General Suburb
37183052603,Census Tract 526.03; Wake County; North Carolina,Census Tract 526.03; Wake County; North Carolina,35.82908713800103,-78.64204771781277,3.4260264635364703,18.328892822978382,23.883402331882984,Raleigh,1887.9711744704907,General Suburb
37183053007,Census Tract 530.07; Wake County; North Carolina,Census Tract 530.07; Wake County; North Carolina,35.71870548669299,-78.73334402461589,6.794605984417731,21.15278329680567,22.51635394933607,Raleigh,457.49518288974883,General Suburb
37183053006,Census Tract 530.06; Wake County; North Carolina,Census Tract 530.06; Wake County; North Carolina,35.69231221543063,-78.74458018066743,8.48347300187938,22.559125440002003,23.174856752804175,Raleigh,565.2283903056637,General Suburb
37183053202,Census Tract 532.02; Wake County; North Carolina,Census Tract 532.02; Wake County; North Carolina,35.647365867507176,-78.79814027655954,12.805642257377901,24.60255031296797,23.36555300262741,Raleigh,1280.1960700764826,General Suburb
37183053405,Census Tract 534.05; Wake County; North Carolina,Census Tract 534.05; Wake County; North Carolina,35.72256816295273,-78.79698195788228,9.73651507671762,19.59843874662554,19.589666206180745,Raleigh,976.1271283749253,General Suburb
37183053424,Census Tract 534.24; Wake County; North Carolina,Census Tract 534.24; Wake County; North Carolina,35.76797575110041,-78.83754432066645,11.20359758657602,15.986457501660349,15.815273047610837,Raleigh,2604.1788268835576,General Suburb
37183053603,Census Tract 536.03; Wake County; North Carolina,Census Tract 536.03; Wake County; North Carolina,35.80762149992607,-78.86426353798353,12.816508395326089,13.020129361774043,12.971019827969757,Raleigh,1756.226471959099,General Suburb
37183053521,Census Tract 535.21; Wake County; North Carolina,Census Tract 535.21; Wake County; North Carolina,35.81192862925115,-78.75535312647156,6.93508141819276,14.917342938170648,18.220622601020185,Raleigh,599.3205147908815,General Suburb
37183053712,Census Tract 537.12; Wake County; North Carolina,Census Tract 537.12; Wake County; North Carolina,35.89689264624641,-78.69153350896649,8.637206660080793,13.385531838068099,20.417264985381074,Raleigh,1542.1849754085083,General Suburb
37183053722,Census Tract 537.22; Wake County; North Carolina,Census Tract 537.22; Wake County; North Carolina,35.89306043657472,-78.67139587167175,8.056868616742975,14.49710525401982,21.558627579390514,Raleigh,2739.7328727197896,General Suburb
37183054108,Census Tract 541.08; Wake County; North Carolina,Census Tract 541.08; Wake County; North Carolina,35.77583147953589,-78.45689076967453,10.166600785812856,28.959007372398432,34.860426335956745,Raleigh,662.1023865731803,General Suburb
37183054113,Census Tract 541.13; Wake County; North Carolina,Census Tract 541.13; Wake County; North Carolina,35.81855275683464,-78.51345334925824,7.490961703110463,24.7293134588659,31.063532536324146,Raleigh,398.88614722545384,General Suburb
37183054206,Census Tract 542.06; Wake County; North Carolina,Census Tract 542.06; Wake County; North Carolina,35.97018471841747,-78.52835363102803,14.533450728272925,20.765918532789048,29.766351882608372,Raleigh,1186.8100954195968,General Suburb
37183980100,Census Tract 9801; Wake County; North Carolina,Census Tract 9801; Wake County; North Carolina,35.87361151916983,-78.78800798197686,10.612407431609327,10.366738052928786,15.236703839367221,Durham,0.44298431627295914,General Suburb
37063002026,Census Tract 20.26; Durham County; North Carolina,Census Tract 20.26; Durham County; North Carolina,35.94543073841534,-78.89741608044457,18.49218062488062,3.3564689369945566,9.136774169964939,Durham,2591.999014081335,Inner-Ring Suburb
37063002021,Census Tract 20.21; Durham County; North Carolina,Census Tract 20.21; Durham County; North Carolina,35.90560522683069,-78.94467417027067,19.246951319108593,6.628940560342744,6.240911306526346,Chapel Hill,1378.6868802628683,General Suburb
37135010803,Census Tract 108.03; Orange County; North Carolina,Census Tract 108.03; Orange County; North Carolina,36.15647098153225,-79.19494273478581,40.58711880526643,19.997171853363085,18.519259613220278,Chapel Hill,71.47636584533993,General Suburb
37135011002,Census Tract 110.02; Orange County; North Carolina,Census Tract 110.02; Orange County; North Carolina,36.0699202469829,-79.10135575973784,32.77048492407009,12.484479382377852,11.123791076972783,Chapel Hill,333.27556983974574,General Suburb
37135011106,Census Tract 111.06; Orange County; North Carolina,Census Tract 111.06; Orange County; North Carolina,36.03764814891123,-79.11758121286262,32.211647287905954,12.60420702914549,9.26653193173752,Chapel Hill,399.6661771574479,General Suburb
37135011207,Census Tract 112.07; Orange County; North Carolina,Census Tract 112.07; Orange County; North Carolina,35.965457713409776,-79.06091173461262,26.92617636469644,9.2869903712617,3.621969347618762,Chapel Hill,1583.645775160754,General Suburb
37135011105,Census Tract 111.05; Orange County; North Carolina,Census Tract 111.05; Orange County; North Carolina,36.09899234376922,-79.23564399418001,40.04966293894857,20.177979395320882,16.304405565209493,Chapel Hill,668.1473352020473,General Suburb
37183054109,Census Tract 541.09; Wake County; North Carolina,Census Tract 541.09; Wake County; North Carolina,35.733285411331444,-78.47397303727688,9.748377093696138,29.82982178862585,34.88541923188582,Raleigh,205.94267239948158,General Suburb
37183054001,Census Tract 540.01; Wake County; North Carolina,Census Tract 540.01; Wake County; North Carolina,35.859702804132674,-78.6270700533303,5.569592131400681,17.80158856026479,24.282451206032224,Raleigh,2641.9207622076947,Inner-Ring Suburb
37183054018,Census Tract 540.18; Wake County; North Carolina,Census Tract 540.18; Wake County; North Carolina,35.85985387683925,-78.58976046770822,6.173498870017612,19.60828370432387,26.347058467231143,Raleigh,1327.1855426741731,General Suburb
37183052601,Census Tract 526.01; Wake County; North Carolina,Census Tract 526.01; Wake County; North Carolina,35.84404401409497,-78.65305548810882,4.529788517922106,17.208202009293007,23.047834156513225,Raleigh,1809.5559957196665,General Suburb
37183053617,Census Tract 536.17; Wake County; North Carolina,Census Tract 536.17; Wake County; North Carolina,35.83183312376037,-78.89713740505941,14.951679694894628,11.204961588042197,10.512709088708517,Chapel Hill,2696.822889052755,General Suburb
37183053114,Census Tract 531.14; Wake County; North Carolina,Census Tract 531.14; Wake County; North Carolina,35.56230630871967,-78.75775503760623,16.44504413501081,30.854360686836365,29.448102119848073,Raleigh,722.5495316738527,General Suburb
37183053902,Census Tract 539.02; Wake County; North Carolina,Census Tract 539.02; Wake County; North Carolina,36.0340188478473,-78.66494635293219,17.642278145503912,13.347918125495681,23.395124491708117,Durham,104.24043988870724,General Suburb
37183053415,Census Tract 534.15; Wake County; North Carolina,Census Tract 534.15; Wake County; North Carolina,35.746395587350925,-78.88301375288475,13.915957556018071,17.13007627598375,15.050369628250815,Raleigh,1812.9513095566251,General Suburb
37183053901,Census Tract 539.01; Wake County; North Carolina,Census Tract 539.01; Wake County; North Carolina,35.983511568739715,-78.58549332751458,14.394597201968384,17.519438575350815,26.751074719061286,Raleigh,233.7991946915809,General Suburb
37183054305,Census Tract 543.05; Wake County; North Carolina,Census Tract 543.05; Wake County; North Carolina,35.835175529211625,-78.3042966949348,19.09988597006606,35.0198425403847,42.41811123887029,Raleigh,553.16658476801,General Suburb
37183052811,Census Tract 528.11; Wake County; North Carolina,Census Tract 528.11; Wake County; North Carolina,35.75079406252769,-78.56155423784102,4.735598565565947,25.267912089556187,29.873472265568665,Raleigh,1448.5309485535022,General Suburb
37183054303,Census Tract 543.03; Wake County; North Carolina,Census Tract 543.03; Wake County; North Carolina,35.88213841042369,-78.38662530113295,15.773182056337959,29.665170634834364,37.51519779649968,Raleigh,83.75370242201812,General Suburb
37183054306,Census Tract 543.06; Wake County; North Carolina,Census Tract 543.06; Wake County; North Carolina,35.81051244469053,-78.30468860097227,18.81249223223088,35.57496933956115,42.65298503163614,Raleigh,266.54310101236325,General Suburb
37183053112,Census Tract 531.12; Wake County; North Carolina,Census Tract 531.12; Wake County; North Carolina,35.56768114906679,-78.78841030253389,16.89603310147598,30.096400987314652,28.19197662667489,Raleigh,716.2876966289673,General Suburb
37183052303,Census Tract 523.03; Wake County; North Carolina,Census Tract 523.03; Wake County; North Carolina,35.74703610467052,-78.68558621192207,3.481433893170267,20.81842235055093,23.70438489502023,Raleigh,5488.4477913456085,Inner-Ring Suburb
37183054214,Census Tract 542.14; Wake County; North Carolina,Census Tract 542.14; Wake County; North Carolina,35.922729241979795,-78.41410395091363,15.978166425646274,27.540318775475573,35.91260919675385,Raleigh,136.89155263059763,General Suburb
37183054220,Census Tract 542.20; Wake County; North Carolina,Census Tract 542.20; Wake County; North Carolina,35.93187725127375,-78.54049875242886,11.85889794992942,20.481258393560523,28.86127500633174,Raleigh,726.0155458187975,General Suburb
37183054116,Census Tract 541.16; Wake County; North Carolina,Census Tract 541.16; Wake County; North Carolina,35.85488280823508,-78.5405008398,7.551056557570798,22.222428112470133,29.126373702803924,Raleigh,1472.3094936526234,General Suburb
37183054216,Census Tract 542.16; Wake County; North Carolina,Census Tract 542.16; Wake County; North Carolina,35.921608433883776,-78.49070806510103,12.825785767970148,23.35431307631904,31.625707261654448,Raleigh,709.7770390288853,General Suburb
37183054221,Census Tract 542.21; Wake County; North Carolina,Census Tract 542.21; Wake County; North Carolina,35.96125445139023,-78.45158454906883,16.330999453156092,25.09641239626085,33.963768548402776,Raleigh,445.6535779209176,General Suburb
37183052305,Census Tract 523.05; Wake County; North Carolina,Census Tract 523.05; Wake County; North Carolina,35.76633726149912,-78.67350265964318,2.1808688390388378,20.155162675559595,23.695515427902187,Raleigh,447.55010175263044,General Suburb
37183054215,Census Tract 542.15; Wake County; North Carolina,Census Tract 542.15; Wake County; North Carolina,35.89499369723209,-78.46989033140393,12.34688458317747,24.937329658200582,32.81488181301102,Raleigh,408.6237997788538,General Suburb
37183054304,Census Tract 543.04; Wake County; North Carolina,Census Tract 543.04; Wake County; North Carolina,35.86333187128881,-78.32121274043021,18.67747475086742,33.541653785901545,41.26387542672127,Raleigh,206.0981013963761,General Suburb
37183053431,Census Tract 534.31; Wake County; North Carolina,Census Tract 534.31; Wake County; North Carolina,35.70056555891565,-78.82093756393539,11.612277248640284,20.735698550440294,19.72406132532631,Raleigh,717.0861345792239,General Suburb
37183052815,Census Tract 528.15; Wake County; North Carolina,Census Tract 528.15; Wake County; North Carolina,35.71527983447888,-78.60255448950643,4.872933774933744,25.410875314489402,28.842773603635663,Raleigh,853.9484846505497,General Suburb
37183054119,Census Tract 541.19; Wake County; North Carolina,Census Tract 541.19; Wake County; North Carolina,35.823030488380034,-78.55071726853404,5.747857952002373,22.771935618496308,28.95820662773937,Raleigh,2139.229560869166,Inner-Ring Suburb
37183052306,Census Tract 523.06; Wake County; North Carolina,Census Tract 523.06; Wake County; North Carolina,35.75099461806233,-78.70731801531876,4.349943436316274,19.914799041074097,22.509166620367893,Raleigh,1662.286347329693,General Suburb
37183053210,Census Tract 532.10; Wake County; North Carolina,Census Tract 532.10; Wake County; North Carolina,35.67535686956918,-78.76889620094553,10.27699283906844,23.183937420225977,22.991079987326163,Raleigh,780.2071365530417,General Suburb
37063001504,Census Tract 15.04; Durham County; North Carolina,Census Tract 15.04; Durham County; North Carolina,36.007710971972614,-78.95260970415715,23.624406652690883,3.1641327879355954,8.714722333563632,Durham,2798.8089158321973,Inner-Ring Suburb
37063002036,Census Tract 20.36; Durham County; North Carolina,Census Tract 20.36; Durham County; North Carolina,35.888023251103846,-78.89662131552728,16.299119388859765,7.323131633652018,9.07717102775564,Durham,799.2582286522739,General Suburb
37063001713,Census Tract 17.13; Durham County; North Carolina,Census Tract 17.13; Durham County; North Carolina,36.037739222163864,-78.9708599480996,25.781453291638137,5.043941860431196,9.828548338566868,Durham,819.9041230437082,General Suburb
37063001604,Census Tract 16.04; Durham County; North Carolina,Census Tract 16.04; Durham County; North Carolina,36.093110230564086,-78.95513933782945,27.992639399874427,7.541250642283786,13.644680165474755,Durham,454.1925464799127,General Suburb
37063001801,Census Tract 18.01; Durham County; North Carolina,Census Tract 18.01; Durham County; North Carolina,36.05174757681885,-78.82755335690842,21.58343106925313,5.628708553125811,15.952671943792463,Durham,288.24532147360065,General Suburb
37183053435,Census Tract 534.35; Wake County; North Carolina,Census Tract 534.35; Wake County; North Carolina,35.74564295061916,-78.83092174734807,11.05683719422323,17.573237431177866,17.10909418881562,Raleigh,2374.2512688314623,General Suburb
37183054224,Census Tract 542.24; Wake County; North Carolina,Census Tract 542.24; Wake County; North Carolina,35.97518179592077,-78.49883389850953,15.60412650047627,22.388160230172137,31.448077965229082,Raleigh,2047.6795836381757,General Suburb
37183053427,Census Tract 534.27; Wake County; North Carolina,Census Tract 534.27; Wake County; North Carolina,35.736773712513546,-78.92090663951542,16.12479714306465,17.816476226692824,14.342267235287641,Chapel Hill,1208.3304525692063,General Suburb
37063002300,Census Tract 23; Durham County; North Carolina,Census Tract 23; Durham County; North Carolina,35.98719351928641,-78.90148143629116,20.565898327414647,0.49710607205633334,10.03195458175968,Durham,3019.7758526047837,Inner-Ring Suburb
37183054218,Census Tract 542.18; Wake County; North Carolina,Census Tract 542.18; Wake County; North Carolina,35.899115718707414,-78.5225305385306,10.49596652011192,22.033569661442826,29.85981522607103,Raleigh,1804.6576860066505,General Suburb
37135010804,Census Tract 108.04; Orange County; North Carolina,Census Tract 108.04; Orange County; North Carolina,36.20937249066954,-79.1625270990067,41.72370852658517,20.940996204688613,21.314147280759215,Durham,32.86955137900139,Exurban Suburb
37135011208,Census Tract 112.08; Orange County; North Carolina,Census Tract 112.08; Orange County; North Carolina,35.985568616349745,-79.08222096658584,28.642186651464677,10.28184219817607,5.214009607772747,Chapel Hill,340.3795574375377,General Suburb
37135010903,Census Tract 109.03; Orange County; North Carolina,Census Tract 109.03; Orange County; North Carolina,36.11395200375079,-79.04720012457264,32.51246578327427,11.729922917082332,13.878965384835128,Durham,94.37254090199697,General Suburb
37135010709,Census Tract 107.09; Orange County; North Carolina,Census Tract 107.09; Orange County; North Carolina,35.889930671204155,-79.08725683555959,26.28348710054065,12.770053316936865,2.3842082745974587,Chapel Hill,1054.0184329068518,General Suburb
37063001806,Census Tract 18.06; Durham County; North Carolina,Census Tract 18.06; Durham County; North Carolina,36.01901339970664,-78.79159193818737,18.637043997830997,6.225707173974467,16.484858800076083,Durham,322.04183954079497,General Suburb
37135011204,Census Tract 112.04; Orange County; North Carolina,Census Tract 112.04; Orange County; North Carolina,35.99059499245752,-79.02941170933613,26.308215514303207,7.316576405874008,5.547431720190667,Chapel Hill,152.40053653015352,General Suburb
37183053717,Census Tract 537.17; Wake County; North Carolina,Census Tract 537.17; Wake County; North Carolina,35.91141810267109,-78.76237787881885,11.45953840079941,9.518777837955529,16.420308879916135,Durham,923.7934406731547,General Suburb
37183053011,Census Tract 530.11; Wake County; North Carolina,Census Tract 530.11; Wake County; North Carolina,35.76001885854333,-78.72710529093871,5.164433716090624,18.802611355478458,21.236562115032083,Raleigh,1807.0830799271307,General Suburb
37183053436,Census Tract 534.36; Wake County; North Carolina,Census Tract 534.36; Wake County; North Carolina,35.72936092939263,-78.83989881702192,11.830216417501601,18.57791381567741,17.53988734768707,Raleigh,1527.8733574147561,General Suburb
37183052810,Census Tract 528.10; Wake County; North Carolina,Census Tract 528.10; Wake County; North Carolina,35.73187566290418,-78.53503401588726,6.658390357010803,27.24789129877058,31.75115901765332,Raleigh,2464.153287711209,Inner-Ring Suburb
37183053208,Census Tract 532.08; Wake County; North Carolina,Census Tract 532.08; Wake County; North Carolina,35.646982792667835,-78.88628604863744,16.663192429719853,23.9865256083545,20.70308371044262,Raleigh,504.21272765013316,General Suburb
37183052102,Census Tract 521.02; Wake County; North Carolina,Census Tract 521.02; Wake County; North Carolina,35.752705132476656,-78.60098104046403,2.7941107510987337,23.57123024161389,27.785774808801776,Raleigh,2738.636890716089,Inner-Ring Suburb
37183053003,Census Tract 530.03; Wake County; North Carolina,Census Tract 530.03; Wake County; North Carolina,35.746549109251305,-78.74536856039023,6.427753242159576,19.129041918087193,20.856334261509968,Raleigh,1453.3897939144852,General Suburb
37183052809,Census Tract 528.09; Wake County; North Carolina,Census Tract 528.09; Wake County; North Carolina,35.66615207618619,-78.54757491092188,9.342584904387875,29.996285828690187,33.207063910464925,Raleigh,238.58967955670406,General Suburb
37183053111,Census Tract 531.11; Wake County; North Carolina,Census Tract 531.11; Wake County; North Carolina,35.6536436866404,-78.72572440794045,9.992264012828398,25.432589109023013,25.766277343813737,Raleigh,639.8050277790471,General Suburb
37183053806,Census Tract 538.06; Wake County; North Carolina,Census Tract 538.06; Wake County; North Carolina,35.940177611021895,-78.63742941177499,11.094938820990942,15.070941573497407,23.481772373821745,Raleigh,489.08010666937804,General Suburb
37183054403,Census Tract 544.03; Wake County; North Carolina,Census Tract 544.03; Wake County; North Carolina,35.833044223392434,-78.4152462034857,13.027445217542079,29.244947997063075,36.288068531046434,Raleigh,192.03862732781886,General Suburb
37063001811,Census Tract 18.11; Durham County; North Carolina,Census Tract 18.11; Durham County; North Carolina,35.988291429558565,-78.8159158081388,17.51816140642043,4.639175989290094,14.385546733979739,Durham,1715.4350938639586,General Suburb
37063001708,Census Tract 17.08; Durham County; North Carolina,Census Tract 17.08; Durham County; North Carolina,36.06771573861878,-78.88602513062078,24.260188812036585,5.14150845112881,14.284947736188201,Durham,1275.8919337478098,General Suburb
37063002013,Census Tract 20.13; Durham County; North Carolina,Census Tract 20.13; Durham County; North Carolina,35.890236060095845,-78.90988046944042,17.03005938516288,7.19712038778608,8.319427649717387,Durham,1552.6766240452516,General Suburb
37063001001,Census Tract 10.01; Durham County; North Carolina,Census Tract 10.01; Durham County; North Carolina,35.984531099581105,-78.87611390857471,19.43902694904776,1.4171487562141474,11.193918475829223,Durham,2484.07793273134,Inner-Ring Suburb
37183052509,Census Tract 525.09; Wake County; North Carolina,Census Tract 525.09; Wake County; North Carolina,35.82770376312309,-78.71738885204155,5.5441712065520505,15.324938941129272,19.846926991286264,Raleigh,1180.002622109178,General Suburb
37183053727,Census Tract 537.27; Wake County; North Carolina,Census Tract 537.27; Wake County; North Carolina,35.86692248953641,-78.73180755991427,7.993944405586957,12.81287168277047,18.415364742382636,Raleigh,1577.5093976748033,General Suburb
37183053426,Census Tract 534.26; Wake County; North Carolina,Census Tract 534.26; Wake County; North Carolina,35.76291310330696,-78.90830236480912,15.185612752486712,15.975818542711389,13.269487891700889,Chapel Hill,559.9903937661494,General Suburb
37183053005,Census Tract 530.05; Wake County; North Carolina,Census Tract 530.05; Wake County; North Carolina,35.71351071725651,-78.77305698394589,8.83405767348327,20.615805790081037,21.007899392645204,Raleigh,944.5933106007024,General Suburb
37183053804,Census Tract 538.04; Wake County; North Carolina,Census Tract 538.04; Wake County; North Carolina,35.982721884604175,-78.67051511061986,14.15049894864508,12.775097119833736,22.07958576924789,Durham,189.93898080742386,General Suburb
37063002038,Census Tract 20.38; Durham County; North Carolina,Census Tract 20.38; Durham County; North Carolina,35.91224939032279,-78.83168684004315,14.192671956236701,6.775778096316436,12.541438805345049,Durham,857.3090619579508,General Suburb
37183054118,Census Tract 541.18; Wake County; North Carolina,Census Tract 541.18; Wake County; North Carolina,35.80551688445747,-78.55237580928119,5.1324781405999556,23.347201886568307,29.155642785494848,Raleigh,1706.0020542025306,General Suburb
37183053004,Census Tract 530.04; Wake County; North Carolina,Census Tract 530.04; Wake County; North Carolina,35.7356429079566,-78.7672008189577,7.8447334416607015,19.30757542020729,20.29542304805255,Raleigh,1435.7857519637116,General Suburb
37183053109,Census Tract 531.09; Wake County; North Carolina,Census Tract 531.09; Wake County; North Carolina,35.59333616334117,-78.7343735781538,13.955506924009883,29.173123824842882,28.517706132502745,Raleigh,594.4138327276332,General Suburb
37183053411,Census Tract 534.11; Wake County; North Carolina,Census Tract 534.11; Wake County; North Carolina,35.796948540243264,-78.8987134753198,14.650227382604648,13.614959020713526,11.91224591130339,Chapel Hill,1282.940786669872,General Suburb
37135011210,Census Tract 112.10; Orange County; North Carolina,Census Tract 112.10; Orange County; North Carolina,35.9125631268455,-79.20554324501153,33.07634620081563,18.066162499686452,8.379661363216504,Chapel Hill,67.31653030190624,General Suburb
37063002020,Census Tract 20.20; Durham County; North Carolina,Census Tract 20.20; Durham County; North Carolina,35.882466613925864,-78.94277319438444,18.48255139632783,8.09272887222937,6.672998716896699,Chapel Hill,1014.3289847060937,General Suburb
37183054015,Census Tract 540.15; Wake County; North Carolina,Census Tract 540.15; Wake County; North Carolina,35.86409140391144,-78.56773111782516,7.047414662156417,20.572763023857107,27.530287381585374,Raleigh,1682.3705222338212,General Suburb
37183054111,Census Tract 541.11; Wake County; North Carolina,Census Tract 541.11; Wake County; North Carolina,35.853283477877014,-78.46915127305725,10.752946845515934,25.920894252073943,33.10067110409513,Raleigh,208.09054313457895,General Suburb
37183053608,Census Tract 536.08; Wake County; North Carolina,Census Tract 536.08; Wake County; North Carolina,35.8544945873611,-78.85437205263926,13.170653290732213,9.95149228143681,11.983275782638435,Durham,2368.7142693197834,General Suburb
37183054402,Census Tract 544.02; Wake County; North Carolina,Census Tract 544.02; Wake County; North Carolina,35.767405786577754,-78.39430530067868,13.698145006838978,32.2820341168839,38.39567850892207,Raleigh,371.7661144671575,General Suburb
37183053723,Census Tract 537.23; Wake County; North Carolina,Census Tract 537.23; Wake County; North Carolina,35.891799339441235,-78.65526730698453,7.810960178599906,15.334224126247607,22.465220584284793,Raleigh,2357.5897783321225,General Suburb
37183054404,Census Tract 544.04; Wake County; North Carolina,Census Tract 544.04; Wake County; North Carolina,35.80301849620862,-78.38334824749883,14.374595859235134,31.713942110241977,38.41778882933994,Raleigh,465.37884516481654,General Suburb
37063002031,Census Tract 20.31; Durham County; North Carolina,Census Tract 20.31; Durham County; North Carolina,35.959325239997334,-78.96147258991097,21.950265372809035,4.254222982995637,6.164642898863911,Durham,2519.248099838765,Inner-Ring Suburb
37063002023,Census Tract 20.23; Durham County; North Carolina,Census Tract 20.23; Durham County; North Carolina,35.917774567605356,-78.94102954815685,19.462328057560434,5.776607407088604,6.430050210223334,Durham,2086.8389072547493,Inner-Ring Suburb
37063001802,Census Tract 18.02; Durham County; North Carolina,Census Tract 18.02; Durham County; North Carolina,35.98794123282599,-78.85124367774675,18.693574120627492,2.680307352594222,12.552837633886517,Durham,1269.2813131252985,General Suburb
37183053105,Census Tract 531.05; Wake County; North Carolina,Census Tract 531.05; Wake County; North Carolina,35.60777503965552,-78.78661161729192,14.501683345251967,27.413588572058114,25.944463436016207,Raleigh,1015.3369634460036,General Suburb
37183053808,Census Tract 538.08; Wake County; North Carolina,Census Tract 538.08; Wake County; North Carolina,35.91637083703001,-78.61907614814832,9.5104643689945,16.528125085822857,24.439191351592864,Raleigh,432.503642613539,General Suburb
37183051700,Census Tract 517; Wake County; North Carolina,Census Tract 517; Wake County; North Carolina,35.82224073155642,-78.65297401012488,3.0603100491856146,18.160004681511452,23.413972315572448,Raleigh,1297.9482488705507,General Suburb
37063000101,Census Tract 1.01; Durham County; North Carolina,Census Tract 1.01; Durham County; North Carolina,36.02412815566672,-78.88417792267921,21.793848950907705,2.232273084801307,12.281990083756687,Durham,1927.5445084044652,General Suburb
37183053616,Census Tract 536.16; Wake County; North Carolina,Census Tract 536.16; Wake County; North Carolina,35.80452572804642,-78.8396019210284,11.418148496851995,13.501444294256347,14.24602551040216,Raleigh,2094.007187034074,General Suburb
37183052814,Census Tract 528.14; Wake County; North Carolina,Census Tract 528.14; Wake County; North Carolina,35.67982665628181,-78.59248546832484,7.355085168532801,27.66234095710245,30.564257015189273,Raleigh,645.8779649422509,General Suburb
37063980100,Census Tract 9801; Durham County; North Carolina,Census Tract 9801; Durham County; North Carolina,35.90454951256118,-78.86894927431828,15.54236815768171,6.39909095000716,10.473655932130074,Durham,0,General Suburb
37183053115,Census Tract 531.15; Wake County; North Carolina,Census Tract 531.15; Wake County; North Carolina,35.54109731549247,-78.71869755428185,17.087332414907674,32.87774675258652,31.91417177217443,Raleigh,224.1074142697798,General Suburb
37183054222,Census Tract 542.22; Wake County; North Carolina,Census Tract 542.22; Wake County; North Carolina,35.942962429070995,-78.47857672595583,14.397727619614699,23.750955682393837,32.360234982507734,Raleigh,1281.5217130529006,General Suburb
37183053010,Census Tract 530.10; Wake County; North Carolina,Census Tract 530.10; Wake County; North Carolina,35.715044381621425,-78.70528509313212,5.834950542244276,22.10618639262175,23.94038347907054,Raleigh,370.9087095038632,General Suburb
37183053614,Census Tract 536.14; Wake County; North Carolina,Census Tract 536.14; Wake County; North Carolina,35.90910772729161,-78.8037366495961,12.885143726781894,7.909275683394643,14.108459120721106,Durham,1996.3696173785422,General Suburb
37183054022,Census Tract 540.22; Wake County; North Carolina,Census Tract 540.22; Wake County; North Carolina,35.87754103048765,-78.5575093202296,8.137915543417353,20.70889005905629,27.998815286751867,Raleigh,1696.1640328672481,General Suburb
37135011903,Census Tract 119.03; Orange County; North Carolina,Census Tract 119.03; Orange County; North Carolina,35.95416233509118,-79.05236360126638,26.13879361665028,9.02771190852707,2.8367493567228723,Chapel Hill,1713.2269968010169,General Suburb
37135011904,Census Tract 119.04; Orange County; North Carolina,Census Tract 119.04; Orange County; North Carolina,35.94797396516917,-79.04510804284779,25.58259476962097,8.788044759007386,2.4759962817077694,Chapel Hill,1128.188095181854,General Suburb
37183053434,Census Tract 534.34; Wake County; North Carolina,Census Tract 534.34; Wake County; North Carolina,35.72864235133355,-78.86712451707592,13.310250892399376,18.41898461673211,16.563213465984916,Raleigh,2807.0111893472017,General Suburb
37063000700,Census Tract 7; Durham County; North Carolina,Census Tract 7; Durham County; North Carolina,35.98271840894182,-78.91447566638081,20.884604575174208,1.1812411494423665,9.249815886383537,Durham,1977.4627610011069,General Suburb
37183054008,Census Tract 540.08; Wake County; North Carolina,Census Tract 540.08; Wake County; North Carolina,35.85059977449331,-78.57069296202499,6.194433430985685,20.85165591619002,27.499192682006544,Raleigh,4992.977431779684,Inner-Ring Suburb
37183054114,Census Tract 541.14; Wake County; North Carolina,Census Tract 541.14; Wake County; North Carolina,35.772183945118535,-78.52127480869015,6.574376059199808,26.097125432689587,31.48374744327626,Raleigh,1165.794897611002,General Suburb
37183052902,Census Tract 529.02; Wake County; North Carolina,Census Tract 529.02; Wake County; North Carolina,35.620549637725674,-78.61293382720508,11.08039783010107,30.364702472142145,32.020177449423315,Raleigh,554.8233770361993,General Suburb
37183053718,Census Tract 537.18; Wake County; North Carolina,Census Tract 537.18; Wake County; North Carolina,35.91443282191116,-78.74508300258823,11.073489233017602,10.195420673641078,17.38754193484595,Durham,1798.1127153296886,General Suburb
37183053604,Census Tract 536.04; Wake County; North Carolina,Census Tract 536.04; Wake County; North Carolina,35.8045609219118,-78.85450363205337,12.244743925025281,13.319642684823044,13.542677531826325,Raleigh,2269.3215240769478,General Suburb
37183054213,Census Tract 542.13; Wake County; North Carolina,Census Tract 542.13; Wake County; North Carolina,35.948798209222616,-78.56201519100702,12.444478963501691,19.078506925428275,27.73483403881992,Raleigh,1744.2743047083327,General Suburb
37183053429,Census Tract 534.29; Wake County; North Carolina,Census Tract 534.29; Wake County; North Carolina,35.74308387818816,-78.84886509373263,12.077703819545958,17.558871268809654,16.508680123498248,Raleigh,1345.0667553666974,General Suburb
37183053428,Census Tract 534.28; Wake County; North Carolina,Census Tract 534.28; Wake County; North Carolina,35.695561712488775,-78.93208492899643,17.474874260062975,20.705227841192446,16.55844338330714,Chapel Hill,494.61286311998185,General Suburb
37063001712,Census Tract 17.12; Durham County; North Carolina,Census Tract 17.12; Durham County; North Carolina,36.05419213877692,-78.95226136619729,25.8610288798702,5.127190177631719,11.331776163664012,Durham,927.5014610023698,General Suburb
37063002030,Census Tract 20.30; Durham County; North Carolina,Census Tract 20.30; Durham County; North Carolina,35.99249502609848,-78.97569345861258,23.943536000868317,4.310973514848244,7.077519548665952,Durham,534.6719107545038,General Suburb
37183052410,Census Tract 524.10; Wake County; North Carolina,Census Tract 524.10; Wake County; North Carolina,35.7766277369857,-78.72586394048537,4.918256388140553,17.862545526734923,20.748760458076287,Raleigh,2335.19320261865,Inner-Ring Suburb
37183053518,Census Tract 535.18; Wake County; North Carolina,Census Tract 535.18; Wake County; North Carolina,35.7631768167157,-78.80591295758748,9.470105995087227,16.771268507352087,17.417058040265367,Raleigh,2481.995368432817,General Suburb
37135011104,Census Tract 111.04; Orange County; North Carolina,Census Tract 111.04; Orange County; North Carolina,36.12362189084636,-79.23494014545652,40.97560637019485,20.812179032468368,17.65217728591871,Chapel Hill,172.42257072879127,General Suburb
37135011103,Census Tract 111.03; Orange County; North Carolina,Census Tract 111.03; Orange County; North Carolina,36.09767037520778,-79.16979790434046,36.977340807300095,16.75846402855911,14.249635676132135,Chapel Hill,116.03516648614206,General Suburb
37135010802,Census Tract 108.02; Orange County; North Carolina,Census Tract 108.02; Orange County; North Carolina,36.18364386032406,-79.02961846767474,35.47212776911532,15.006896707038672,18.743041370119904,Durham,52.10100463202431,General Suburb
37183052701,Census Tract 527.01; Wake County; North Carolina,Census Tract 527.01; Wake County; North Carolina,35.83395471294144,-78.61733785047912,3.9332849137865917,19.235336697294482,25.151457260937015,Raleigh,1643.8154480377239,General Suburb
37183052001,Census Tract 520.01; Wake County; North Carolina,Census Tract 520.01; Wake County; North Carolina,35.7795504523143,-78.59107698042736,2.641415675832223,22.713047319413338,27.61702319033921,Raleigh,2004.4759870976795,Inner-Ring Suburb
37063001808,Census Tract 18.08; Durham County; North Carolina,Census Tract 18.08; Durham County; North Carolina,35.95949244052768,-78.8130415581234,15.821551246642318,5.345151319579176,13.952162043827316,Durham,1054.0473107060166,General Suburb
37183053211,Census Tract 532.11; Wake County; North Carolina,Census Tract 532.11; Wake County; North Carolina,35.64705673556582,-78.76496735756054,11.594931292500265,25.113405371309057,24.57443483324527,Raleigh,987.0083170195238,General Suburb
37183053726,Census Tract 537.26; Wake County; North Carolina,Census Tract 537.26; Wake County; North Carolina,35.86714763499587,-78.70832972778963,7.212895839983002,13.788977948906094,19.70836239438264,Raleigh,2455.4782712825913,General Suburb
37183053110,Census Tract 531.10; Wake County; North Carolina,Census Tract 531.10; Wake County; North Carolina,35.624714538643836,-78.70145193835883,11.274683603476188,27.80384409247605,28.141127032910532,Raleigh,400.14124976424927,General Suburb
37135011211,Census Tract 112.11; Orange County; North Carolina,Census Tract 112.11; Orange County; North Carolina,35.98675363062904,-79.21098361893021,35.114073404757924,17.47083818413169,10.058245354945413,Chapel Hill,52.193809562198645,General Suburb
37063002029,Census Tract 20.29; Durham County; North Carolina,Census Tract 20.29; Durham County; North Carolina,35.966488018413344,-78.98427771344417,23.284523230011104,5.153760315531225,5.437267623217237,Durham,1192.8029946277882,General Suburb
37183054217,Census Tract 542.17; Wake County; North Carolina,Census Tract 542.17; Wake County; North Carolina,35.92508732316382,-78.51651594749407,12.144357728344204,21.89262122803479,30.1867765815847,Raleigh,1658.2945372839622,General Suburb
37183052905,Census Tract 529.05; Wake County; North Carolina,Census Tract 529.05; Wake County; North Carolina,35.602285353997466,-78.67134247776724,12.391636023568699,29.911589599321136,30.432651630317586,Raleigh,526.3969456541745,General Suburb
37183052404,Census Tract 524.04; Wake County; North Carolina,Census Tract 524.04; Wake County; North Carolina,35.77154809840103,-78.70665349852135,3.877375449375021,18.753581513278277,21.86787037797081,Raleigh,1779.4377380729882,General Suburb
37183054016,Census Tract 540.16; Wake County; North Carolina,Census Tract 540.16; Wake County; North Carolina,35.894213637482444,-78.58304396707283,8.500357183280281,18.950076457692763,26.490700917587525,Raleigh,1864.9829018491794,General Suburb
37183980200,Census Tract 9802; Wake County; North Carolina,Census Tract 9802; Wake County; North Carolina,35.855190505609826,-78.75143104447342,8.217287236790332,12.640687594848385,17.50355383973976,Raleigh,0,General Suburb
37183053209,Census Tract 532.09; Wake County; North Carolina,Census Tract 532.09; Wake County; North Carolina,35.61156662105602,-78.91937688966847,19.58887958535503,26.449264278097832,22.20008602949208,Raleigh,59.23273018364167,General Suburb
37183054203,Census Tract 542.03; Wake County; North Carolina,Census Tract 542.03; Wake County; North Carolina,35.9992166017186,-78.54218694719707,16.0977172370444,19.926791230366558,29.334067612766294,Raleigh,607.9942289249142,General Suburb
37183052813,Census Tract 528.13; Wake County; North Carolina,Census Tract 528.13; Wake County; North Carolina,35.654282536941686,-78.58107349902122,9.232627608309762,29.45122169795827,32.06327230221715,Raleigh,349.3320727305926,General Suburb
37063001002,Census Tract 10.02; Durham County; North Carolina,Census Tract 10.02; Durham County; North Carolina,35.99561415043955,-78.86984910893132,19.77132077823504,1.6110806325418492,11.857052952535044,Durham,2765.186541084332,Inner-Ring Suburb
37135011107,Census Tract 111.07; Orange County; North Carolina,Census Tract 111.07; Orange County; North Carolina,36.04824903003586,-79.19617245960484,36.324060148281546,17.046362848953056,12.192832247648793,Chapel Hill,123.64961484302589,General Suburb
37183052903,Census Tract 529.03; Wake County; North Carolina,Census Tract 529.03; Wake County; North Carolina,35.656913022211484,-78.63781214044437,8.476889729683785,27.493400037662955,29.367271483933482,Raleigh,450.08832499972453,General Suburb
37063001705,Census Tract 17.05; Durham County; North Carolina,Census Tract 17.05; Durham County; North Carolina,36.03654445140313,-78.92892655901188,24.0807537938359,3.3931468833472436,11.088597675757224,Durham,1296.5790192691775,General Suburb
37183052706,Census Tract 527.06; Wake County; North Carolina,Census Tract 527.06; Wake County; North Carolina,35.80677986458497,-78.59108816531136,3.2400708157591747,21.530119446508024,27.041232972418843,Raleigh,1168.3395098497558,General Suburb
37183052807,Census Tract 528.07; Wake County; North Carolina,Census Tract 528.07; Wake County; North Carolina,35.70573261403838,-78.53106314370463,7.883310982712645,28.64228553003437,32.71044218867796,Raleigh,320.4430113873967,General Suburb
37183053805,Census Tract 538.05; Wake County; North Carolina,Census Tract 538.05; Wake County; North Carolina,35.95244817917763,-78.61730190789653,11.999858068922375,15.989121210939814,24.681322045496852,Raleigh,238.38845165683023,General Suburb
37183052802,Census Tract 528.02; Wake County; North Carolina,Census Tract 528.02; Wake County; North Carolina,35.706783703607364,-78.64275320231214,5.037601654995293,24.476813256449777,27.185327233519715,Raleigh,1371.6457019549086,General Suburb
37183053517,Census Tract 535.17; Wake County; North Carolina,Census Tract 535.17; Wake County; North Carolina,35.7846131388022,-78.7639084190752,7.054689212085289,16.31396416209137,18.60558148943156,Raleigh,1898.6320810885395,General Suburb
37183054121,Census Tract 541.21; Wake County; North Carolina,Census Tract 541.21; Wake County; North Carolina,35.86739137819273,-78.51914944427297,9.015346425198178,22.96075128985444,30.20547395670824,Raleigh,1971.2205727908738,General Suburb
37183053204,Census Tract 532.04; Wake County; North Carolina,Census Tract 532.04; Wake County; North Carolina,35.647728689517145,-78.8322910703509,14.197809286650976,24.211759844852743,22.21258641374953,Raleigh,2372.064186398496,General Suburb
37063002007,Census Tract 20.07; Durham County; North Carolina,Census Tract 20.07; Durham County; North Carolina,35.94966940975457,-78.93830545637704,20.504899265109643,3.783005219839772,7.039798204548794,Durham,1424.0241935143968,General Suburb
37183053509,Census Tract 535.09; Wake County; North Carolina,Census Tract 535.09; Wake County; North Carolina,35.74886908962579,-78.80186540467996,9.418264205211315,17.781818697208877,18.200541598184504,Raleigh,1386.7114864997127,General Suburb
37183051900,Census Tract 519; Wake County; North Carolina,Census Tract 519; Wake County; North Carolina,35.79049782491499,-78.6026174042521,2.1317994245636687,21.729652814847682,26.757926133866796,Raleigh,1971.5467678111163,General Suburb
37183052816,Census Tract 528.16; Wake County; North Carolina,Census Tract 528.16; Wake County; North Carolina,35.7376559874123,-78.59006258564676,3.9602070208382836,24.741803530482528,28.772522775215133,Raleigh,2183.688113991172,Inner-Ring Suburb
37063001706,Census Tract 17.06; Durham County; North Carolina,Census Tract 17.06; Durham County; North Carolina,36.01809975093363,-78.96811104812822,24.748753814159393,4.2270021838719956,8.75091542357017,Durham,1547.3522789907404,General Suburb
37063002032,Census Tract 20.32; Durham County; North Carolina,Census Tract 20.32; Durham County; North Carolina,35.95816374753503,-78.971295010954,22.361653664991923,4.759491379604022,5.656917307412369,Durham,3005.762900169685,Inner-Ring Suburb
37183053724,Census Tract 537.24; Wake County; North Carolina,Census Tract 537.24; Wake County; North Carolina,35.89298651451484,-78.74255009250172,9.774449718542565,11.176242209168976,17.58698896956414,Raleigh,1510.7895651290978,General Suburb
37183051502,Census Tract 515.02; Wake County; North Carolina,Census Tract 515.02; Wake County; North Carolina,35.808679393476766,-78.68314100986647,3.221866226027723,17.58879953635183,22.081736944944964,Raleigh,1378.1790159879881,General Suburb
